599603680	https://cf.bstatic.com/xdata/images/hotel/max1280x900/599603680.jpg?k=dd3a14c75c8ed1a266ccbeff68b952f8854425eaaa25cead73f202e783cc38c2&o=&hp=1
599611319	https://cf.bstatic.com/xdata/images/hotel/max1280x900/599611319.jpg?k=52132e7f05333e70ca1dac831673d37e2baeb7349e9da09d5ad935cc79840440&o=&hp=1
599620845	https://cf.bstatic.com/xdata/images/hotel/max1280x900/599620845.jpg?k=1a3db94df853a9068276ab75d527405d984dbbf445594cd43bf412d357cbdedc&o=&hp=1
604584051	https://cf.bstatic.com/xdata/images/hotel/max1280x900/604584051.jpg?k=615ab5c6234a213ad94d30f45ea7f08a35029678721b9e33146383cddbbb243d&o=&hp=1
604599630	https://cf.bstatic.com/xdata/images/hotel/max1280x900/604599630.jpg?k=9d279ec22b39cad3d050356ca66f786da093785045d8ea7fdd8b0f295fde5074&o=&hp=1
604599707	https://cf.bstatic.com/xdata/images/hotel/max1280x900/604599707.jpg?k=7d6076c0b84ddbeb0dcc42fb04c94cced6c21aca59d33f55b061ea2d56325454&o=&hp=1
604599712	https://cf.bstatic.com/xdata/images/hotel/max1280x900/604599712.jpg?k=e64b106257962cfc2c25e049f87263258a268ac82a646650eb39eba2b15667de&o=&hp=1
604599726	https://cf.bstatic.com/xdata/images/hotel/max1280x900/604599726.jpg?k=0825165463728006492bfde6a62e7178d561035a499282fa5f30abb9d07372aa&o=&hp=1
604599729	https://cf.bstatic.com/xdata/images/hotel/max1280x900/604599729.jpg?k=9d6ad92c25a2ab12be80a470f944789f88c11646170ee91fa47d90675a511566&o=&hp=1
604599750	https://cf.bstatic.com/xdata/images/hotel/max1280x900/604599750.jpg?k=f80b4e13d3e2c2f9467c8e873af0c5e69d45c8252bf87aff46130248c90543cd&o=&hp=1
604599754	https://cf.bstatic.com/xdata/images/hotel/max1280x900/604599754.jpg?k=1fe377bd65fc5f1cae1884ac1f92b53c8078388f188c31cf3f5d75fafd426dca&o=&hp=1
620780180	https://cf.bstatic.com/xdata/images/hotel/max1280x900/620780180.jpg?k=ccbfd39704f3747ec7d74de6d3530d5b68208fbed5a187f949ee63347d97e5e8&o=&hp=1
620780258	https://cf.bstatic.com/xdata/images/hotel/max1280x900/620780258.jpg?k=40bae51fa66bd475b86b554c0b4d6477a4896300d5ecac1b8d8a904ed4b99979&o=&hp=1
620781177	https://cf.bstatic.com/xdata/images/hotel/max1280x900/620781177.jpg?k=842bf85ca6232bee2d6c6ab2c2d43c165b87129c0b932ece60a762f7491686aa&o=&hp=1
620781304	https://cf.bstatic.com/xdata/images/hotel/max1280x900/620781304.jpg?k=05eedde579e4f4d9ad9c2b342db6b9d27a3de56a82444e417b8d7452f1b01cee&o=&hp=1
626001134	https://cf.bstatic.com/xdata/images/hotel/max1280x900/626001134.jpg?k=688773e8b1c55ee84d326bfe6724f63f055cdfa25f35bf80687f68d0146b5b34&o=&hp=1
626221226	https://cf.bstatic.com/xdata/images/hotel/max1280x900/626221226.jpg?k=40a7bf4829cf870c5b415b2a768157fee4ee9ce29557619d798d14c9838247a6&o=&hp=1
626221236	https://cf.bstatic.com/xdata/images/hotel/max1280x900/626221236.jpg?k=61a7d91792d7e9faa08313cdb80c80a0564e8a3f4a89b0270f1509ed22718fc6&o=&hp=1
626222265	https://cf.bstatic.com/xdata/images/hotel/max1280x900/626222265.jpg?k=c153420e76c5a686b314dd64bf391373e3cc14b32d2915c68a0c1c8060fc57c0&o=&hp=1
643493601	https://cf.bstatic.com/xdata/images/hotel/max1280x900/643493601.jpg?k=bfbcdeab9185f8fcc6abba71644c5a19c9e4b5505c97ea8fd89d6574f8c89f3f&o=&hp=1
643493614	https://cf.bstatic.com/xdata/images/hotel/max1280x900/643493614.jpg?k=0011eb701ffeeaecd1ae4731bb1615a20d3cdbcc10d10932f6f85cebf984b592&o=&hp=1
643493632	https://cf.bstatic.com/xdata/images/hotel/max1280x900/643493632.jpg?k=9b2ffb3b24d5e806eb55b610d731a627886abdf127e8eb4b5548facf776d5d23&o=&hp=1
643493635	https://cf.bstatic.com/xdata/images/hotel/max1280x900/643493635.jpg?k=28b5f3330e4bd1ea83be1a463a456b162b405eb6e864335f2cbb277a7e5efdc1&o=&hp=1
643493643	https://cf.bstatic.com/xdata/images/hotel/max1280x900/643493643.jpg?k=7119b20124a9924b5358641f724e08fe3378eec79a8866e409474f924dceb578&o=&hp=1
643493646	https://cf.bstatic.com/xdata/images/hotel/max1280x900/643493646.jpg?k=ffb1e1c1d069b268679bb790a55ee8e0026a39435ffb43c9ead456184fde3ccd&o=&hp=1
643493650	https://cf.bstatic.com/xdata/images/hotel/max1280x900/643493650.jpg?k=68b0cf8e6d5dcf5102618bf7831adc4fd52cbbe8efb5e305ad92bbbe1eab1916&o=&hp=1
643493653	https://cf.bstatic.com/xdata/images/hotel/max1280x900/643493653.jpg?k=26096d846765bb5fad08b4d72e25add31cfeb57ec364d727e3327efebfdb15f8&o=&hp=1
643493657	https://cf.bstatic.com/xdata/images/hotel/max1280x900/643493657.jpg?k=dd93e972218af4828725329116f5c38b7373ef7b3933c865dc9f8d5603566311&o=&hp=1
643493659	https://cf.bstatic.com/xdata/images/hotel/max1280x900/643493659.jpg?k=b1cced966ba237d01ae9467e40668bc38c5947e200c55fecec94020f4615540a&o=&hp=1
643809537	https://cf.bstatic.com/xdata/images/hotel/max1280x900/643809537.jpg?k=9c0c1e3695d5b0f4c535d7319143b8b04a7955121acc3434d40ad919abe4f00d&o=&hp=1
673345280	https://cf.bstatic.com/xdata/images/hotel/max1280x900/673345280.jpg?k=97233476effc8a3e15c9afb8b481a31d1d9df4db0d743384ea5ab03d16c23eb8&o=&hp=1
673345281	https://cf.bstatic.com/xdata/images/hotel/max1280x900/673345281.jpg?k=f213400308596b4c722e8e30fc0effbc800484e36f42c5bbcedc6a00a71575d8&o=&hp=1
673345379	https://cf.bstatic.com/xdata/images/hotel/max1280x900/673345379.jpg?k=8947e030a925f7daabbacc6970b79a6366602562fe85ef17f93ccd51ff146b05&o=&hp=1
673345736	https://cf.bstatic.com/xdata/images/hotel/max1280x900/673345736.jpg?k=17b6848ab5bc36e67f0dd618c5a89d5a10c280b294c22ea01b4a764b22ff5d72&o=&hp=1
673345747	https://cf.bstatic.com/xdata/images/hotel/max1280x900/673345747.jpg?k=653f61dd990a01e1c1fc064fb0fd602087107ca9352e25453d5d71c29a88b403&o=&hp=1
673345756	https://cf.bstatic.com/xdata/images/hotel/max1280x900/673345756.jpg?k=f73c87c462a7b74dfc2ee5d10a9f267355653414f4c999ddd47aa74bfa8e480f&o=&hp=1
673352797	https://cf.bstatic.com/xdata/images/hotel/max1280x900/673352797.jpg?k=7807b4fc290d7c079f44c68c6c30ca560698ed63eb3f5f4835c5986f7f99b6ba&o=&hp=1
681561002	https://cf.bstatic.com/xdata/images/hotel/max1280x900/681561002.jpg?k=2351209c6cd81df429a082b79895bb1fb12cde44ee8fd7b288954beac81f4c66&o=&hp=1
681561013	https://cf.bstatic.com/xdata/images/hotel/max1280x900/681561013.jpg?k=0b35833fe47b9a86ab8b8a3e1025e528864cb7f8c1738641e6ce10103de48a1c&o=&hp=1
681561024	https://cf.bstatic.com/xdata/images/hotel/max1280x900/681561024.jpg?k=d142c230901f88c42407e872207d8d80f3779a2acbcdd099b5a92da6f6a4b8a5&o=&hp=1
688989252	https://cf.bstatic.com/xdata/images/hotel/max1280x900/688989252.jpg?k=1027065c5ae3f45bbf77d9195de316b5f36f17b9e34e257fc72b4b502dc3b7a6&o=&hp=1
688989476	https://cf.bstatic.com/xdata/images/hotel/max1280x900/688989476.jpg?k=77981537da8f7adf91a45f4f75c9a860927d9600c9e41a87d87696b408451d7d&o=&hp=1
710596068	https://cf.bstatic.com/xdata/images/hotel/max1280x900/710596068.jpg?k=7fb96f1640f832184f9f42fbab8fa092527e76f24dd4496fae1ee45ac34dcbfd&o=&hp=1
710605900	https://cf.bstatic.com/xdata/images/hotel/max1280x900/710605900.jpg?k=6e6542767a9cb47372563df3ecb1c95709c19543166a282d5d310b926be52c29&o=&hp=1
710606737	https://cf.bstatic.com/xdata/images/hotel/max1280x900/710606737.jpg?k=917832ce99b805a41197e2713930e0f6ea9da559d0d22f21836cd79f6ce3bf23&o=&hp=1