770177318	https://cf.bstatic.com/xdata/images/hotel/max1280x900/770177318.jpg?k=196af7d060215995e948e0400682b2d8fb12e9692303c6cfa17ce9ff534f9738
860007745	https://cf.bstatic.com/xdata/images/hotel/max1280x900/860007745.jpg?k=225c88005782acc9616b59e4e4c8e356225484d9acfae6c1e3e578c2332f6515
770178401	https://cf.bstatic.com/xdata/images/hotel/max1280x900/770178401.jpg?k=80b0d89e91ae3ed2c93bcb85cc1b47d618ac71a5830973879b42830eed103c12
755800355	https://cf.bstatic.com/xdata/images/hotel/max1280x900/755800355.jpg?k=61ed5b1301b282f812b0478dde17728096bc277fe46624919aebd61d26ba95fb
755800352	https://cf.bstatic.com/xdata/images/hotel/max1280x900/755800352.jpg?k=a15cfb0b6cda7fc01e097e3890874aec4e7cb600c5986478334ab020d37b6f77
755800349	https://cf.bstatic.com/xdata/images/hotel/max1280x900/755800349.jpg?k=58c87060558541f8e1e4ecea2e6f474adf83c8728f2c0f3b6da763fb20233036
755800350	https://cf.bstatic.com/xdata/images/hotel/max1280x900/755800350.jpg?k=a277533adf2d90e62cdb00484ede56e44223d92499da849ee10925ab4c570338
755800373	https://cf.bstatic.com/xdata/images/hotel/max1280x900/755800373.jpg?k=94d8524a2ae53e5efe0d533d30854c0e4cb41436b7c9dd29bc5ec0a2a83984f5
755800366	https://cf.bstatic.com/xdata/images/hotel/max1280x900/755800366.jpg?k=ca21517dc3eefd023e163a5e498cc3c53a6b727dde02ef8417dc1e10808877c2
755800490	https://cf.bstatic.com/xdata/images/hotel/max1280x900/755800490.jpg?k=9a7152fe74aeefcdee12493e10e3ca2d17a5f5e4e24579a3ccfe5e02eb21b6e1
755800442	https://cf.bstatic.com/xdata/images/hotel/max1280x900/755800442.jpg?k=ab433e4579dd1c8c9ff1bbbfbaa9ffceef68f854bddbf61275476885fe40f3a3
755800665	https://cf.bstatic.com/xdata/images/hotel/max1280x900/755800665.jpg?k=030fa615290da9ea63768dd8160880626d7010f1caf85a4a43e86a21ac7159af
755800661	https://cf.bstatic.com/xdata/images/hotel/max1280x900/755800661.jpg?k=27e36a9660700c5e10438b58b311ad8ccee4f85c3f0ef1cfbc80dc7b057e8d70
755800808	https://cf.bstatic.com/xdata/images/hotel/max1280x900/755800808.jpg?k=98d59d3eaec6b7b971485b001bd88fe49db208636f5f217e8afb10d19916b0df
755800894	https://cf.bstatic.com/xdata/images/hotel/max1280x900/755800894.jpg?k=2c9c18f6d585bca9528a289c8a603a825a6b227ae35a9a3768acf987e98833d2
755801116	https://cf.bstatic.com/xdata/images/hotel/max1280x900/755801116.jpg?k=5d8000036504a6c552958a7f6d4ae47d69a92b7a860c78fd3a9429c62ce6f642
756206667	https://cf.bstatic.com/xdata/images/hotel/max1280x900/756206667.jpg?k=c846746dcdc9349338883b6c9f08978b48fdb0d23ffd050a43a8dff0c81e72d0
770178442	https://cf.bstatic.com/xdata/images/hotel/max1280x900/770178442.jpg?k=4c48f79eba8ff1f17ff7d3cba2e6864ad0de18337366538f6569d3b8afa5066a
770178421	https://cf.bstatic.com/xdata/images/hotel/max1280x900/770178421.jpg?k=351bc3f4d2e39d82dac92e85ec9721471d64802093b00908e99aa11aa667d32c
770178369	https://cf.bstatic.com/xdata/images/hotel/max1280x900/770178369.jpg?k=1d5fdfa9708b2d02cd1521ee98bfbd44caf271550417b846aff71f3201deae00
