426352043	https://cf.bstatic.com/xdata/images/hotel/max1280x900/426352043.jpg?k=09ae5559738261699a096a91d665ba10cae11ec2807fee4892218e981db03896&o=&hp=1
427104484	https://cf.bstatic.com/xdata/images/hotel/max1280x900/427104484.jpg?k=8fa6cbb01767f90935603f6c3eeb356b9fd5dfb3e7bfa1b41456101867d9bdf0&o=&hp=1
427126225	https://cf.bstatic.com/xdata/images/hotel/max1280x900/427126225.jpg?k=a2260f8e9a8befc67a78253a1829ec32dd18fd4790a341908c366d03ecbbabfd&o=&hp=1
427126274	https://cf.bstatic.com/xdata/images/hotel/max1280x900/427126274.jpg?k=92c9b1378e96f5c777d0babf5ece2aaa70adf8f88941b8898f48c1a9dce7081e&o=&hp=1
427126327	https://cf.bstatic.com/xdata/images/hotel/max1280x900/427126327.jpg?k=c69b0e0118d91c46175db2a3bcccc8472ce168b266a2def72a2c1bac96d57172&o=&hp=1
427975173	https://cf.bstatic.com/xdata/images/hotel/max1280x900/427975173.jpg?k=a378f41e04d309bad13240a6870c665e60bc1331023c758bb2e2761878611aa4&o=&hp=1
445584612	https://cf.bstatic.com/xdata/images/hotel/max1280x900/445584612.jpg?k=0d68c742580d7d431954f50e7a09eecb480aabcca09dbf9bc414de1a31e6ad39&o=&hp=1
463246227	https://cf.bstatic.com/xdata/images/hotel/max1280x900/463246227.jpg?k=d85420d52ee40a2e3e8c327f5b31e5f250e16107cc389768c3b2c94d07636876&o=&hp=1
463246228	https://cf.bstatic.com/xdata/images/hotel/max1280x900/463246228.jpg?k=2e3c3a2267b3e5fbd085c604d8eb14149c86ddcf189569b81172fdeea73e71f0&o=&hp=1
466867729	https://cf.bstatic.com/xdata/images/hotel/max1280x900/466867729.jpg?k=564dbd74e7d12f6867d25e56b2623e66a58f75b9ca655866862c8e16ebbb1d9e&o=&hp=1
466867730	https://cf.bstatic.com/xdata/images/hotel/max1280x900/466867730.jpg?k=9b7d91426e39e193247e3f17f6f0891491589eaef02509d1ab99bb76dea49ed9&o=&hp=1
466867732	https://cf.bstatic.com/xdata/images/hotel/max1280x900/466867732.jpg?k=28f51a5cb80d3f993c4a4c0be47d530ec6a1aa26be32aa52d45ba28b94c831c3&o=&hp=1
468466704	https://cf.bstatic.com/xdata/images/hotel/max1280x900/468466704.jpg?k=6c33d511dd0b1d103246c3ef3072d35033f662d415d1fd5d1b829fd8799c2f82&o=&hp=1
468466707	https://cf.bstatic.com/xdata/images/hotel/max1280x900/468466707.jpg?k=3ba5da5f4339e781a0d818331a44818e0afbf06e5f21551391497bd4d6076ce2&o=&hp=1
468466710	https://cf.bstatic.com/xdata/images/hotel/max1280x900/468466710.jpg?k=bd8c04d0c59ac5a22b68eab01e1538715eafd6aa5ced2e9a3258e4ce2dfdb183&o=&hp=1
468466712	https://cf.bstatic.com/xdata/images/hotel/max1280x900/468466712.jpg?k=f8781cd0c9d07836f0336f1d9059c5bd880438c3c5e4f786d2a8c21a87074887&o=&hp=1
468466719	https://cf.bstatic.com/xdata/images/hotel/max1280x900/468466719.jpg?k=4a2d07652c430ae194660bdf895776ee7c71d3bc9f6b0caa4e7a22011bc1d6e5&o=&hp=1
468466724	https://cf.bstatic.com/xdata/images/hotel/max1280x900/468466724.jpg?k=922c9a2596ddf0acfe11d4db282316fb9ccc11c754c811b177b275e9b59aa9a2&o=&hp=1
468466731	https://cf.bstatic.com/xdata/images/hotel/max1280x900/468466731.jpg?k=46241cd2a1ca53625db243b5cdfecbfe452241d7449ba2eef3e38610b5669631&o=&hp=1
480212515	https://cf.bstatic.com/xdata/images/hotel/max1280x900/480212515.jpg?k=7734ff61899043066c10cd79d091db7b0593a0bbd88d5c8d48f774ec43347d8a&o=&hp=1
480212616	https://cf.bstatic.com/xdata/images/hotel/max1280x900/480212616.jpg?k=dc8fae375210c183e2900fbe0ab997ee51e506763298eab6d010b6d584879bd7&o=&hp=1
480212714	https://cf.bstatic.com/xdata/images/hotel/max1280x900/480212714.jpg?k=3a5a8ff4a3eabd624112aa0caa8defd652ae4bf5f8945b638c51538a3648f250&o=&hp=1
480212728	https://cf.bstatic.com/xdata/images/hotel/max1280x900/480212728.jpg?k=016b6a03e4ee93f886ff9e24169e930279a5ff6b7ef7ed85355b31e88bce4e54&o=&hp=1
480212749	https://cf.bstatic.com/xdata/images/hotel/max1280x900/480212749.jpg?k=6e3ba7f89a684ca1496dec58ef3a1e6a2060677bd0d6d51a513779fa90c5211e&o=&hp=1
480212960	https://cf.bstatic.com/xdata/images/hotel/max1280x900/480212960.jpg?k=2664cd7b005e33305563423735917cd423763c026e5f77edbcf7a20d4dd2af0d&o=&hp=1
480212982	https://cf.bstatic.com/xdata/images/hotel/max1280x900/480212982.jpg?k=c19ed65396de7c8b405610e367d121974616ea046e697cdfdd58986167783d3c&o=&hp=1
481155764	https://cf.bstatic.com/xdata/images/hotel/max1280x900/481155764.jpg?k=e1afd47179b8c55e2c52be9b30ddcefd98789979c65c84d834d45d68930511d4&o=&hp=1
481686691	https://cf.bstatic.com/xdata/images/hotel/max1280x900/481686691.jpg?k=b7d09673ebfd5976f4b73f22b0bec77d9e01caebf1f81e79e36b3a898baed89d&o=&hp=1
481687206	https://cf.bstatic.com/xdata/images/hotel/max1280x900/481687206.jpg?k=a26b804c03bde6eb59a2dcc7127441a64ca25d02134e3ee7b2ab6d88265b983d&o=&hp=1
481687548	https://cf.bstatic.com/xdata/images/hotel/max1280x900/481687548.jpg?k=fe6d3b96535557f7fd30e55b6a90aca08013e999769752d3b2a0bf53d0bff689&o=&hp=1
481687770	https://cf.bstatic.com/xdata/images/hotel/max1280x900/481687770.jpg?k=2986b51a3bab3a76ac3c0b4667901a1bd5206a876f6117ccec27e99b482121d9&o=&hp=1
481687878	https://cf.bstatic.com/xdata/images/hotel/max1280x900/481687878.jpg?k=3ff94e9fc1a4a98886269b7099d2e00bcb89b69057b96451e91353f2600573fb&o=&hp=1
481756046	https://cf.bstatic.com/xdata/images/hotel/max1280x900/481756046.jpg?k=beb1f4c0e88c2ae660d6b9e564febbe9b8e954b595a9e7972d057e61385588f0&o=&hp=1
481756050	https://cf.bstatic.com/xdata/images/hotel/max1280x900/481756050.jpg?k=450c8fe35eecd11e35018f59c661de538fdc15dd7d017e724e9c03d8d671cada&o=&hp=1
482004007	https://cf.bstatic.com/xdata/images/hotel/max1280x900/482004007.jpg?k=09264f3b1b8e54fcbd3f38fb11c35a1cbe70d43c85ba15f390ddf3ed738b533d&o=&hp=1
513752456	https://cf.bstatic.com/xdata/images/hotel/max1280x900/513752456.jpg?k=fd7546f047a65c40e4730e3236c83f5877768561679a5d81f980e866766302cc&o=&hp=1
513752458	https://cf.bstatic.com/xdata/images/hotel/max1280x900/513752458.jpg?k=e3af588d9df017f00b48539920dd5178e70600212aaba544066a7ac84c9077c8&o=&hp=1
520269855	https://cf.bstatic.com/xdata/images/hotel/max1280x900/520269855.jpg?k=d78dec88c0b2b01060d175cff71d55c3118ec658d98105179b0c5b969e20c72e&o=&hp=1
524663936	https://cf.bstatic.com/xdata/images/hotel/max1280x900/524663936.jpg?k=728377e948381fd41c3af3b4e77d55193648a587f505cb3de0bba431ef6b760a&o=&hp=1
524663940	https://cf.bstatic.com/xdata/images/hotel/max1280x900/524663940.jpg?k=0de2da6de83ef3a2198b34b3f0c6cf02098600c417fdfc601bc122b3527a5824&o=&hp=1
584801968	https://cf.bstatic.com/xdata/images/hotel/max1280x900/584801968.jpg?k=c4dedcee0dd7c2bf3acf09b8b753448f4ddd784f3a16b8b8c94a696d0dd342c7&o=&hp=1
584802250	https://cf.bstatic.com/xdata/images/hotel/max1280x900/584802250.jpg?k=c305ac816043b04c915af1135341525e930229e252377ed7a3b781e4c5879051&o=&hp=1
591851185	https://cf.bstatic.com/xdata/images/hotel/max1280x900/591851185.jpg?k=8b534946c9182bb41967cac41492201057c5eb2b48c81921f30ea510bb6ea2e9&o=&hp=1
770227224	https://cf.bstatic.com/xdata/images/hotel/max1280x900/770227224.jpg?k=29059f96f4ab113ff4e9ff1052ca4d49b92d1eb86babf0485e1b1e63c29bfb52&o=&hp=1
907097076	https://cf.bstatic.com/xdata/images/hotel/max1280x900/907097076.jpg?k=8052df312c1103540fa7dd59860b50f2728bcfcd03f957f0b2cc33cbdd1b85e0&o=&hp=1